Sl. No.,Organization Name,Division,District,Upazila,Noofbed,
1,"Bamna Upazila Health Complex, Barguna",Barisal,Barguna,Bamna,31,
2,"Babuganj Upazila Health Complex, Barishal",Barisal,Barishal,Babuganj,31,
3,"Bakerganj Upazila Health Complex, Barishal",Barisal,Barishal,Bakerganj,31,
4,"Banaripara Upazila Health Complex, Barishal",Barisal,Barishal,Banaripara,31,
5,"Hijla Upazila Health Complex, Barishal",Barisal,Barishal,Hizla,31,
6,"Mehendiganj Upazila Health Complex, Barishal",Barisal,Barishal,Mehendiganj,31,
7,"Wazirpur Upazila Health Complex, Barishal",Barisal,Barishal,Wazirpur,31,
8,"Manpura Upazila Health Complex, Bhola",Barisal,Bhola,Manpura,31,
9,"Tajumuddin Upazila Health Complex, Bhola",Barisal,Bhola,Tazumuddin,31,
10,"Kathalia Upazila Health Complex, Jhalokati",Barisal,Jhalokati,Kanthalia,31,
11,"Rajapur Upazila Health Complex, Jhalokati",Barisal,Jhalokati,Rajapur,31,
12,"Bauphal Upazila Health Complex, Patuakhali",Barisal,Patuakhali,Bauphal,31,
13,"Dashmina Upazila Health Complex, Patuakhali",Barisal,Patuakhali,Dashmina,31,
14,"Dumki Upazila Health Complex, Patuakhali",Barisal,Patuakhali,Dumki,31,
15,"Mirzaganj Upazila Health Complex, Patuakhali",Barisal,Patuakhali,Mirzaganj,31,
16,"Rangabali Upazila Health Complex, Patuakhali",Barisal,Patuakhali,Rangabali,31,
17,"Bhandaria Upazila Health Complex, Pirojpur",Barisal,Pirojpur,Bhandaria,31,
18,"Indurkani Upazila Health Complex, Pirojpur",Barisal,Pirojpur,Indurkani,31,
19,"Kawkhali Upazila Health Complex, Pirojpur",Barisal,Pirojpur,Kawkhali,31,
20,"Nazirpur Upazila Health Complex, Pirojpur",Barisal,Pirojpur,Nazirpur,31,
21,"Alikadam Upazila Health Complex, Bandarban",Chittagong,Bandarban,Alikadam,31,
22,"Lama Upazila Health Complex, Bandarban",Chittagong,Bandarban,Lama,31,
23,"Naikhongchari Upazila Health Complex, Bandarban",Chittagong,Bandarban,Naikhongchhari,31,
24,"Rowangchari Upazila Health Complex, Bandarban",Chittagong,Bandarban,Rowangchhari,31,
25,"Ruma Upazila Health Complex, Bandarban",Chittagong,Bandarban,Ruma,31,
26,"Thanchi Upazila Health Complex, Bandarban",Chittagong,Bandarban,Thanchi,31,
27,"Akhaura Upazila Health Complex, Brahmanbaria",Chittagong,Brahmanbaria,Akhaura,31,
28,"Ashugonj Upazila Health Complex, Brahmanbaria",Chittagong,Brahmanbaria,Ashuganj,31,
29,"Bijoynagar Upazila Health Complex, Brahmanbaria",Chittagong,Brahmanbaria,Bijoynagar,31,
30,"Bancharampur Upazila Health Complex, Brahmanbaria",Chittagong,Brahmanbaria,Banchharampur,31,
31,"Kashba Upazila Health Complex, Brahmanbaria",Chittagong,Brahmanbaria,Kasba,31,
32,"Nabinagar Upazila Health Complex, Brahmanbaria",Chittagong,Brahmanbaria,Nabinagar,31,
33,"Faridganj Upazila Health Complex, Chandpur",Chittagong,Chandpur,Faridganj,31,
34,"Haimchar Upazila Health Complex, Chandpur",Chittagong,Chandpur,Haimchar,31,
35,"Matlab(uttar) Upazila Health Complex, Chandpur",Chittagong,Chandpur,Matlab Uttar,31,
36,"Saharasthi Upazila Health Complex, Chandpur",Chittagong,Chandpur,Shahrasti,31,
37,"Fatikchari Upazila Health Complex, Chattogram",Chittagong,Chattogram,Fatikchhari,31,
38,"Roujan Upazila Health Complex, Chattogram",Chittagong,Chattogram,Raozan,31,
39,"Sandwip Upazila Health Complex, Chattogram",Chittagong,Chattogram,Sandwip,31,
40,"Satkania Upazila Health Complex, Chattogram",Chittagong,Chattogram,Satkania,31,
41,"Pekua Upazila Health Complex, Cox's Bazar",Chittagong,Cox's Bazar,Pekua,31,
42,"Ramu Upazila Health Complex, Cox's Bazar",Chittagong,Cox's Bazar,Ramu,31,
43,"Teknaf Upazila Health Complex, Cox's Bazar",Chittagong,Cox's Bazar,Teknaf,31,
44,"Ukhia Upazila Health Complex, Cox's Bazar",Chittagong,Cox's Bazar,Ukhia,31,
45,"Barura Upazila Health Complex, Cumilla",Chittagong,Cumilla,Barura,31,
46,"Brahmmanpara Upazila Health Complex, Cumilla",Chittagong,Cumilla,Brahmanpara,31,
47,"Burichong Upazila Health Complex, Cumilla",Chittagong,Cumilla,Burichang,31,
48,"Chandina Upazila Health Complex, Cumilla",Chittagong,Cumilla,Chandina,31,
49,"Comilla Sadar Daxin Upazila Health Complex, Cumilla",Chittagong,Cumilla,Comilla Sadar Dakshin,31,
50,"Daudkandi Upazila Health Complex, Cumilla",Chittagong,Cumilla,Daudkandi,31,
51,"Laksham Upazila Health Complex, Cumilla",Chittagong,Cumilla,Laksam,31,
52,"Monoharganj Upazila Health Complex, Cumilla",Chittagong,Cumilla,Manoharganj,31,
53,"Meghna Upazila Health Complex, Cumilla",Chittagong,Cumilla,Meghna,31,
54,"Titas Upazila Health Complex, Cumilla",Chittagong,Cumilla,Titas,31,
55,"Daganbhuiya Upazila Health Complex, Feni",Chittagong,Feni,Daganbhuiyan,31,
56,"Fulgazi Upazila Health Complex, Feni",Chittagong,Feni,Fulgazi,31,
57,"Sonagazi Upazila Health Complex, Feni",Chittagong,Feni,Sonagazi,31,
58,"Dighinala Upazila Health Complex, Khagrachhari",Chittagong,Khagrachhari,Dighinala,31,
59,"Lakshmichari Upazila Health Complex, Khagrachhari",Chittagong,Khagrachhari,Lakshmichhari,31,
60,"Mohalchari Upazila Health Complex, Khagrachhari",Chittagong,Khagrachhari,Mahalchhari,31,
61,"Manikchari Upazila Health Complex, Khagrachhari",Chittagong,Khagrachhari,Manikchhari,31,
62,"Matiranga Upazila Health Complex, Khagrachhari",Chittagong,Khagrachhari,Matiranga,31,
63,"Panchari Upazila Health Complex, Khagrachhari",Chittagong,Khagrachhari,Panchhari,31,
64,"Ramgarh Upazila Health Complex, Khagrachhari",Chittagong,Khagrachhari,Ramgarh,31,
65,"Kamolnagar Upazila Health Complex, Lakshmipur",Chittagong,Lakshmipur,Kamalnagar,31,
66,"Ramganj Upazila Health Complex, Lakshmipur",Chittagong,Lakshmipur,Ramganj,31,
67,"Ramgati Upazila Health Complex, Lakshmipur",Chittagong,Lakshmipur,Ramgati,31,
68,"Kabirhat Upazila Health Complex, Noakhali",Chittagong,Noakhali,Kabirhat,31,
69,"Sonaimuri Upazila Health Complex, Noakhali",Chittagong,Noakhali,Sonaimuri,31,
70,"Baghaichari Upazila Health Complex, Rangamati",Chittagong,Rangamati,Baghaichhari,31,
71,"Barkal Upazila Health Complex, Rangamati",Chittagong,Rangamati,Barkal,31,
72,"Belaichari Upazila Health Complex, Rangamati",Chittagong,Rangamati,Belaichhari,31,
73,"Juraichari Upazila Health Complex, Rangamati",Chittagong,Rangamati,Juraichhari,31,
74,"Kaptai Upazila Health Complex, Rangamati",Chittagong,Rangamati,Kaptai,31,
75,"Kawkhali Upazila Health Complex, Rangamati",Chittagong,Rangamati,Kawkhali (betbunia),31,
76,"Langadu Upazila Health Complex, Rangamati",Chittagong,Rangamati,Langadu,31,
77,"Naniarchar Upazila Health Complex, Rangamati",Chittagong,Rangamati,Naniarchar,31,
78,"Rajasthali Upazila Health Complex, Rangamati",Chittagong,Rangamati,Rajasthali,31,
79,"Keraniganj Upazila Health Complex, Dhaka",Dhaka,Dhaka,Keraniganj,31,
80,"Alfadanga Upazila Health Complex, Faridpur",Dhaka,Faridpur,Alfadanga,31,
81,"Charbhadrason Upazila Health Complex, Faridpur",Dhaka,Faridpur,Charbhadrasan,31,
82,"Modhukhali Upazila Health Complex, Faridpur",Dhaka,Faridpur,Madhukhali,31,
83,"Sadarpur Upazila Health Complex, Faridpur",Dhaka,Faridpur,Sadarpur,31,
84,"Saltha Upazila Health Complex, Faridpur",Dhaka,Faridpur,Saltha,50,
85,"Kaliakair Upazila Health Complex, Gazipur",Dhaka,Gazipur,Kaliakair,31,
86,"Sreepur Upazila Health Complex, Gazipur",Dhaka,Gazipur,Sreepur,31,
87,"Kotwalipara Upazila Health Complex, Gopalganj",Dhaka,Gopalganj,Kotalipara,31,
88,"Mukshedpur Upazila Health Complex, Gopalganj",Dhaka,Gopalganj,Muksudpur,31,
89,"Tungipara Upazila Health Complex, Gopalganj",Dhaka,Gopalganj,Tungipara,31,
90,"Austagram Upazila Health Complex, Kishorgonj",Dhaka,Kishorgonj,Austagram,31,
91,"Bajitpur Upazila Health Complex, Kishorgonj",Dhaka,Kishorgonj,Bajitpur,31,
92,"Hossainpur Upazila Health Complex, Kishorgonj",Dhaka,Kishorgonj,Hossainpur,31,
93,"Itna Upazila Health Complex, Kishorgonj",Dhaka,Kishorgonj,Itna,31,
94,"Katiadi Upazila Health Complex, Kishorgonj",Dhaka,Kishorgonj,Katiadi,31,
95,"Kuliarchar Upazila Health Complex, Kishorgonj",Dhaka,Kishorgonj,Kuliarchar,31,
96,"Mithamoin Upazila Health Complex, Kishorgonj",Dhaka,Kishorgonj,Mithamain,31,
97,"Nikli Upazila Health Complex, Kishorgonj",Dhaka,Kishorgonj,Nikli,31,
98,"Pakundia Upazila Health Complex, Kishorgonj",Dhaka,Kishorgonj,Pakundia,31,
99,"Kalkini Upazila Health Complex, Madaripur",Dhaka,Madaripur,Kalkini,31,
100,"Rajoir Upazila Health Complex, Madaripur",Dhaka,Madaripur,Rajoir,31,
101,"Daulatpur Upazila Health Complex, Manikganj",Dhaka,Manikganj,Daulatpur,31,
102,"Ghior Upazila Health Complex, Manikganj",Dhaka,Manikganj,Ghior,31,
103,"Harirampur Upazila Health Complex, Manikganj",Dhaka,Manikganj,Harirampur,31,
104,"Saturia Upazila Health Complex, Manikganj",Dhaka,Manikganj,Saturia,31,
105,"Shibalaya Upazila Health Complex, Manikganj",Dhaka,Manikganj,Shibalaya,31,
106,"Singair Upazila Health Complex, Manikganj",Dhaka,Manikganj,Singair,31,
107,"Araihazar Upazila Health Complex, Narayanganj",Dhaka,Narayanganj,Araihazar,31,
108,"Bandar Upazila Health Complex, Narayanganj",Dhaka,Narayanganj,Bandar,31,
109,"Rupganj Upazila Health Complex, Narayanganj",Dhaka,Narayanganj,Rupganj,31,
110,"Sonargaon Upazila Health Complex, Narayanganj",Dhaka,Narayanganj,Sonargaon,31,
111,"Belabo Upazila Health Complex, Narsingdi",Dhaka,Narsingdi,Belabo,31,
112,"Palash Upazila Health Complex, Narsingdi",Dhaka,Narsingdi,Palash,31,
113,"Raipura Upazila Health Complex, Narsingdi",Dhaka,Narsingdi,Roypura,31,
114,"Shibpur Upazila Health Complex, Narsingdi",Dhaka,Narsingdi,Shibpur,31,
115,"Baliakandi Upazila Health Complex, Rajbari",Dhaka,Rajbari,Baliakandi,31,
116,"Kalukhali Upazila Health Complex, Rajbari",Dhaka,Rajbari,Kalukhali,31,
117,"Bhedarganj Upazila Health Complex, Shariatpur",Dhaka,Shariatpur,Bhedarganj,31,
118,"Damudya Upazila Health Complex, Shariatpur",Dhaka,Shariatpur,Damudya,31,
119,"Goshairhat Upazila Health Complex, Shariatpur",Dhaka,Shariatpur,Gosairhat,31,
120,"Naria Upazila Health Complex, Shariatpur",Dhaka,Shariatpur,Naria,31,
121,"Zanjira Upazila Health Complex, Shariatpur",Dhaka,Shariatpur,Zanjira,31,
122,"Bhuapur Upazila Health Complex, Tangail",Dhaka,Tangail,Bhuapur,31,
123,"Delduar Upazila Health Complex, Tangail",Dhaka,Tangail,Delduar,31,
124,"Gopalpur Upazila Health Complex, Tangail",Dhaka,Tangail,Gopalpur,31,
125,"Mirzapur Upazila Health Complex, Tangail",Dhaka,Tangail,Mirzapur,31,
126,"Nagarpur Upazila Health Complex, Tangail",Dhaka,Tangail,Nagarpur,31,
127,"Morrelganj Upazila Health Complex, Bagerhat",Khulna,Bagerhat,Morrelganj,31,
128,"Sarankhola Upazila Health Complex, Bagerhat",Khulna,Bagerhat,Sarankhola,31,
129,"Alamdanga Upazila Health Complex, Chuadanga",Khulna,Chuadanga,Alamdanga,31,
130,"Damurhuda Upazila Health Complex, Chuadanga",Khulna,Chuadanga,Damurhuda,31,
131,"Jibannagar Upazila Health Complex, Chuadanga",Khulna,Chuadanga,Jibannagar,31,
132,"Bagherpara Upazila Health Complex, Jashore",Khulna,Jashore,Bagherpara,31,
133,"Jhikargacha Upazila Health Complex, Jashore",Khulna,Jashore,Jhikargachha,31,
134,"Monirampur Upazila Health Complex, Jashore",Khulna,Jashore,Monirampur,31,
135,"Sarsa Upazila Health Complex, Jashore",Khulna,Jashore,Sharsha,31,
136,"Shailkupa Upazila Health Complex, Jhenaidah",Khulna,Jhenaidah,Shailkupa,31,
137,"Batiaghata Upazila Health Complex, Khulna",Khulna,Khulna,Batiaghata,31,
138,"Dighalia Upazila Health Complex, Khulna",Khulna,Khulna,Dighalia,31,
139,"Dumuria Upazila Health Complex, Khulna",Khulna,Khulna,Dumuria,31,
140,"Koyra Upazila Health Complex, Khulna",Khulna,Khulna,Koyra,31,
141,"Paikgacha Upazila Health Complex, Khulna",Khulna,Khulna,Paikgachha,31,
142,"Rupsha Upazila Health Complex, Khulna",Khulna,Khulna,Rupsa,31,
143,"Terokhada Upazila Health Complex, Khulna",Khulna,Khulna,Terokhada,31,
144,"Khoksha Upazila Health Complex, Kushtia",Khulna,Kushtia,Khoksa,31,
145,"Kumarkhali Upazila Health Complex, Kushtia",Khulna,Kushtia,Kumarkhali,31,
146,"Mohammadpur Upazila Health Complex, Magura",Khulna,Magura,Mohammadpur,31,
147,"Shalikha Upazila Health Complex, Magura",Khulna,Magura,Shalikha,31,
148,"Sreepur Upazila Health Complex, Magura",Khulna,Magura,Sreepur,31,
149,"Mujibnagar Upazila Health Complex, Meherpur",Khulna,Meherpur,Mujibnagar,31,
150,"Lohagara Upazila Health Complex, Narail",Khulna,Narail,Lohagara,31,
151,"Assasuni Upazila Health Complex, Satkhira",Khulna,Satkhira,Assasuni,31,
152,"Debhata Upazila Health Complex, Satkhira",Khulna,Satkhira,Debhata,31,
153,"Kaliganj Upazila Health Complex, Satkhira",Khulna,Satkhira,Kaliganj,31,
154,"Bakshiganj Upazila Health Complex, Jamalpur",Mymensingh,Jamalpur,Bakshiganj,31,
155,"Dewanganj Upazila Health Complex, Jamalpur",Mymensingh,Jamalpur,Dewanganj,31,
156,"Madarganj Upazila Health Complex, Jamalpur",Mymensingh,Jamalpur,Madarganj,31,
157,"Bhaluka Upazila Health Complex, Mymensingh",Mymensingh,Mymensingh,Bhaluka,31,
158,"Dhubaura Upazila Health Complex, Mymensingh",Mymensingh,Mymensingh,Dhobaura,31,
159,"Fulbaria Upazila Health Complex, Mymensingh",Mymensingh,Mymensingh,Fulbaria,31,
160,"Gouripur Upazila Health Complex, Mymensingh",Mymensingh,Mymensingh,Gauripur,31,
161,"Haluaghat Upazila Health Complex, Mymensingh",Mymensingh,Mymensingh,Haluaghat,31,
162,"Muktagacha Upazila Health Complex, Mymensingh",Mymensingh,Mymensingh,Muktagachha,31,
163,"Atpara Upazila Health Complex, Netrakona",Mymensingh,Netrakona,Atpara,31,
164,"Barhatta Upazila Health Complex, Netrakona",Mymensingh,Netrakona,Barhatta,31,
165,"Durgapur Upazila Health Complex, Netrakona",Mymensingh,Netrakona,Durgapur,31,
166,"Khaliajuri Upazila Health Complex, Netrakona",Mymensingh,Netrakona,Khaliajuri,31,
167,"Jhenaigati Upazila Health Complex, Sherpur",Mymensingh,Sherpur,Jhenaigati,31,
168,"Nakhla Upazila Health Complex, Sherpur",Mymensingh,Sherpur,Nakla,31,
169,"Nalitabari Upazila Health Complex, Sherpur",Mymensingh,Sherpur,Nalitabari,31,
170,"Sribordi Upazila health Complex, Sherpur",Mymensingh,Sherpur,Sreebardi,31,
171,"Dhupchachia Upazila Health Complex, Bogura",Rajshahi,Bogura,Dhupchanchia,31,
172,"Nandigram Upazila Health Complex, Bogura",Rajshahi,Bogura,Nandigram,31,
173,"Shajahanpur Upazila Health Complex, Bogura",Rajshahi,Bogura,Shajahanpur,31,
174,"Sherpur Upazila Health Complex, Bogura",Rajshahi,Bogura,Sherpur,31,
175,"Bholahat Upazila Health Complex, Chapai Nawabganj",Rajshahi,Chapai Nawabgan,Bholahat,31,
176,"Gomastapur Upazila Health Complex, Chapai Nawabganj",Rajshahi,Chapai Nawabgan,Gomastapur,31,
177,"Nachol Upazila Health Complex, Chapai Nawabganj",Rajshahi,Chapai Nawabgan,Nachole,31,
178,"Khetlal Upazila Health Complex, Joypurhat",Rajshahi,Joypurhat,Khetlal,31,
179,"Panchbibi Upazila Health Complex, Joypurhat",Rajshahi,Joypurhat,Panchbibi,31,
180,"Atrai Upazila Health Complex, Naogaon",Rajshahi,Naogaon,Atrai,31,
181,"Niamatpur Upazila Health Complex, Naogaon",Rajshahi,Naogaon,Niamatpur,31,
182,"Porsha Upazila Health Complex, Naogaon",Rajshahi,Naogaon,Porsha,31,
183,"Raninagar Upazila Health Complex, Naogaon",Rajshahi,Naogaon,Raninagar,31,
184,"Bagatipara Upazila Health Complex, Natore",Rajshahi,Natore,Bagatipara,31,
185,"Baraigram Upazila Health Complex, Natore",Rajshahi,Natore,Baraigram,31,
186,"Gurudashpur Upazila Health Complex, Natore",Rajshahi,Natore,Gurudaspur,31,
187,"Singra Upazila Health Complex, Natore",Rajshahi,Natore,Singra,31,
188,"Atgharia Upazila Health Complex, Pabna",Rajshahi,Pabna,Atgharia,31,
189,"Bera Upazila Health Complex, Pabna",Rajshahi,Pabna,Bera,31,
190,"Bhangura Upazila Health Complex, Pabna",Rajshahi,Pabna,Bhangura,31,
191,"Iswardi Upazila Health Complex, Pabna",Rajshahi,Pabna,Ishwardi,31,
192,"Santhia Upazila Health Complex, Pabna",Rajshahi,Pabna,Santhia,31,
193,"Bagha Upazila Health Complex, Rajshahi",Rajshahi,Rajshahi,Bagha,31,
194,"Bagmara Upazila Health Complex, Rajshahi",Rajshahi,Rajshahi,Baghmara,31,
195,"Godagari Upazila Health Complex, Rajshahi",Rajshahi,Rajshahi,Godagari,31,
196,"Mohanpur Upazila Health Complex, Rajshahi",Rajshahi,Rajshahi,Mohanpur,31,
197,"Paba Upazila Health Complex, Rajshahi",Rajshahi,Rajshahi,Paba,31,
198,"Belkuchi Upazila Health Complex, Sirajganj",Rajshahi,Sirajganj,Belkuchi,31,
199,"Chowhali Upazila Health Complex, Sirajganj",Rajshahi,Sirajganj,Chauhali,31,
200,"Kamarkhanda Upazila Health Complex, Sirajganj",Rajshahi,Sirajganj,Kamarkhanda,31,
201,"Kazipur Upazila Health Complex, Sirajganj",Rajshahi,Sirajganj,Kazipur,31,
202,"Raiganj Upazila Health Complex, Sirajganj",Rajshahi,Sirajganj,Royganj,31,
203,"Shahzadpur Upazila Health Complex, Sirajganj",Rajshahi,Sirajganj,Shahjadpur,31,
204,"Tarash Upazila Health Complex, Sirajganj",Rajshahi,Sirajganj,Tarash,31,
205,"Ullapara Upazila Health Complex, Sirajganj",Rajshahi,Sirajganj,Ullahpara,31,
206,"Birol Upazila Health Complex, Dinajpur",Rangpur,Dinajpur,Biral,31,
207,"Birampur Upazila Health Complex, Dinajpur",Rangpur,Dinajpur,Birampur,31,
208,"Birganj Upazila Health Complex, Dinajpur",Rangpur,Dinajpur,Birganj,31,
209,"Chirirbandar Upazila Health Complex, Dinajpur",Rangpur,Dinajpur,Chirirbandar,31,
210,"Fulbari Upazila Health Complex, Dinajpur",Rangpur,Dinajpur,Fulbari,31,
211,"Ghoraghat Upazila Health Complex, Dinajpur",Rangpur,Dinajpur,Ghoraghat,31,
212,"Hakimpur Upazila Health Complex, Dinajpur",Rangpur,Dinajpur,Hakimpur,31,
213,"Kaharol Upazila Health Complex, Dinajpur",Rangpur,Dinajpur,Kaharole,31,
214,"Khansama Upazila Health Complex, Dinajpur",Rangpur,Dinajpur,Khansama,31,
215,"Nawabganj Upazila Health Complex, Dinajpur",Rangpur,Dinajpur,Nawabganj,31,
216,"Fulchari Upazila Health Complex, Gaibandha",Rangpur,Gaibandha,Fulchhari,31,
217,"Palashbari Upazila Health Complex, Gaibandha",Rangpur,Gaibandha,Palashbari,31,
218,"Sadullapur Upazila Health Complex, Gaibandha",Rangpur,Gaibandha,Sadullapur,31,
219,"Shaghatta Upazila Health Complex, Gaibandha",Rangpur,Gaibandha,Saghata,31,
220,"Sundarganj Upazila Health Complex, Gaibandha",Rangpur,Gaibandha,Sundarganj,31,
221,"Bhurungamari Upazila Health Complex, Kurigram",Rangpur,Kurigram,Bhurungamari,31,
222,"Nageswari Upazila Health Complex, Kurigram",Rangpur,Kurigram,Nageshwari,31,
223,"Fulbari Upazila Health Complex, Kurigram",Rangpur,Kurigram,Phulbari,31,
224,"Rajarhat Upazila Health Complex, Kurigram",Rangpur,Kurigram,Rajarhat,31,
225,"Rajibpur Upazila Health Complex, Kurigram",Rangpur,Kurigram,Rajibpur,31,
226,"Rowmari Upazila Health Complex, Kurigram",Rangpur,Kurigram,Raumari,31,
227,"Aditmari Upazila Health Complex, Lalmonirhat",Rangpur,Lalmonirhat,Aditmari,31,
228,"Hatibandha Upazila Health Complex, Lalmonirhat",Rangpur,Lalmonirhat,Hatibandha,31,
229,"Patgram Upazila Health Complex, Lalmonirhat",Rangpur,Lalmonirhat,Patgram,31,
230,"Jaldhaka Upazila Health Complex, Nilphamari",Rangpur,Nilphamari,Jaldhaka,31,
231,"Kishoreganj Upazila Health Complex, Nilphamari",Rangpur,Nilphamari,Kishoreganj,31,
232,"Saidpur Upazila Health Complex, Nilphamari",Rangpur,Nilphamari,Saidpur,31,
233,"Atwari Upazila Health Complex, Panchagarh",Rangpur,Panchagarh,Atwari,31,
234,"Badarganj Upazila Health Complex, Rangpur",Rangpur,Rangpur,Badarganj,31,
235,"Kownia Upazila Health Complex, Rangpur",Rangpur,Rangpur,Kaunia,31,
236,"Pirgacha Upazila Health Complex, Rangpur",Rangpur,Rangpur,Pirgachha,31,
237,"Taraganj Upazila Health Complex, Rangpur",Rangpur,Rangpur,Taraganj,31,
238,"Pirganj Upazila Health Complex, Thakurgaon",Rangpur,Thakurgaon,Pirganj,31,
239,"Ajmiriganj Upazila Health Complex, Habiganj",Sylhet,Habiganj,Ajmiriganj,31,
240,"Bahubal Upazila Health Complex, Habiganj",Sylhet,Habiganj,Bahubal,31,
241,"Baniachong Upazila Health Complex, Habiganj",Sylhet,Habiganj,Baniachong,31,
242,"Chunarughat Upazila Health Complex, Hobigonj., Habiganj",Sylhet,Habiganj,Chunarughat,31,
243,"Lakhai Upazila Health Complex, Habiganj",Sylhet,Habiganj,Lakhai,31,
244,"Nabiganj Upazila Health Complex, Habiganj",Sylhet,Habiganj,Nabiganj,31,
245,"Barlekha Upazila Health Complex, Maulvibazar",Sylhet,Maulvibazar,Barlekha,31,
246,"Juri Upazila Health Complex, Maulvibazar",Sylhet,Maulvibazar,Juri,31,
247,"Kamalganj Upazila Health Complex, Maulvibazar",Sylhet,Maulvibazar,Kamalganj,31,
248,"Rajnagar Upazila Health Complex, Maulvibazar",Sylhet,Maulvibazar,Rajnagar,31,
249,"Sreemangal Upazila Health Complex, Maulvibazar",Sylhet,Maulvibazar,Sreemangal,31,
250,"Biswambarpur Upazila Health Complex, Sunamganj",Sylhet,Sunamganj,Bishwambarpur,31,
251,"Chhatak Upazila Health Complex, Sunamganj",Sylhet,Sunamganj,Chhatak,31,
252,"Dakshin Sunamganj Upazila Health Complex, Sunamganj",Sylhet,Sunamganj,Dakshin Sunamganj,31,
253,"Derai Upazila Health Complex, Sunamganj",Sylhet,Sunamganj,Derai,31,
254,"Dharmapasha Upazila Health Complex, Sunamganj",Sylhet,Sunamganj,Dharampasha,31,
255,"Doarabazar Upazila Health Complex, Sunamganj",Sylhet,Sunamganj,Dowarabazar,31,
256,"Jamalganj Upazila Health Complex, Sunamganj",Sylhet,Sunamganj,Jamalganj,31,
257,"Sulla Upazila Health Complex, Sunamganj",Sylhet,Sunamganj,Sulla,31,
258,"Taherpur Upazila Health Complex, Sunamganj",Sylhet,Sunamganj,Tahirpur,31,
259,"Balaganj Upazila Health Complex, Sylhet",Sylhet,Sylhet,Balaganj,31,
260,"Bishwanath Upazila Health Complex, Sylhet",Sylhet,Sylhet,Bishwanath,31,
261,"Companyganj Upazila Health Complex, Sylhet",Sylhet,Sylhet,Companiganj,31,
262,"Dakhin Surma Upazila Health Complex, Sylhet",Sylhet,Sylhet,Dakshin Surma,31,
263,"Fenchuganj Upazila Health Complex, Sylhet",Sylhet,Sylhet,Fenchuganj,31,
264,"Jaintapur Upazila Health Complex, Sylhet",Sylhet,Sylhet,Jaintiapur,31,
265,"Kanaighat Upazila Health Complex, Sylhet",Sylhet,Sylhet,Kanaighat,31,
266,"Zokiganj Upazila Health Complex, Sylhet",Sylhet,Sylhet,Zakiganj,31,
1,Kukua 10 bed Hospital,Barisal,Barguna,Amtali,10,
2,Chhakhar 10 bed Hospital,Barisal,Barishal,Banaripara,10,
3,Kirtipasha 10 bed Hospital (RHC),Barisal,Jhalokati,Jhalokati Sadar,10,
4,Guinak 10 bed Hospital (RHC),Chattogram,Brahmanbaria,Nasirnagar,10,
5,Sandwip 10 bed Hospital (RHC),Chattogram,Chattogram,Sandwip,10,
6,St. Martin 10 bed Hospital,Chattogram,Cox's Bazar,Teknaf,10,
7,Kalikapur 10 bed Hospital (RHC),Chattogram,Cumilla,Chauddagram,10,
8,Talbalchhari 10 bed Hospital (RHC),Chattogram,Khagrachhari,Matiranga,10,
9,Kaptai 10 bed Hospital,Chattogram,Rangamati,Kaptai,10,
10,Hajratpur 10 bed Hospital,Dhaka,Dhaka,Keraniganj,10,
11,Kunda 10 bed Hospital,Dhaka,Dhaka,Keraniganj,10,
12,Gopinathpur 10 bed Hospital (RHC),Dhaka,Gopalganj,Gopalganj Sadar,10,
13,Kopilmuni 10 bed Hospital,Khulna,Khulna,Paikgachha,10,
14,Khokshabari 10 bed Hospital (RHC),Rajshahi,Sirajganj,Sirajganj Sadar,10,
15,Ramchandrapur 10 bed Hospital (RHC),Rangpur,Gaibandha,Gaibandha Sadar,10,
16,Raiganj 10 bed Hospital (RHC),Rangpur,Kurigram,Nageshwari,10,
17,Dahagram 10 bed Hospital,Rangpur,Lalmonirhat,Patgram,10,
1,Taltali 20 bed Hospital,Barisal,Barguna,Amtali,20,
2,Walankathi 20 bed Hospital,Barisal,Barishal,Babuganj,20,
3,South Char Aicha 20 bed Hospital,Barisal,Bhola,Charfession,20,
4,Kuakata 20 bed Hospital,Barisal,Patuakhali,Kalapara,20,
5,Kathaltoli 20 bed Hospital,Barisal,Patuakhali,Mirzaganj,20,
6,Bibirhat 20 bed Hospital,Chattogram,Chattogram,Fatikchhari,20,
7,Haramia 20 bed Hospital,Chattogram,Chattogram,Sandwip,20,
8,Sonaimuri 20 bed Hospital,Chattogram,Cumilla,Barura,20,
9,Mohichail 20 bed Hospital,Chattogram,Cumilla,Chandina,20,
10,Bagmara 20 bed Hospital,Chattogram,Cumilla,Comilla Sadar Dakshin,20,
11,Donarchar 20 bed Hospital,Chattogram,Cumilla,Daudkandi,20,
12,Jodda 20 bed Hospital,Chattogram,Cumilla,Nangalkot,20,
13,Char Alexander 20 bed Hospital,Chattogram,Lakshmipur,Ramgati,20,
14,Char Algi 20 bed Hospital,Chattogram,Noakhali,Kabirhat,20,
15,Kreshnanagar 20 bed Hospital,Dhaka,Dhaka,Dhamrai,20,
16,Jinjira 20 bed Hospital,Dhaka,Dhaka,Keraniganj,20,
17,Aminbazar 20 bed Hospital,Dhaka,Dhaka,Savar,20,
18,Baspur 20 bed Hospital,Dhaka,Gopalganj,Kasiani,20,
19,Kabirajpur 20 bed Hospital,Dhaka,Madaripur,Rajoir,20,
20,Monohargram 20 bed Hospital,Dhaka,Narayanganj,Araihazar,20,
21,Fatullah 20 bed Hospital,Dhaka,Narayanganj,Narayanganj Sadar,20,
22,Siddirganj 20 bed Hospital,Dhaka,Narayanganj,Narayanganj Sadar,20,
23,Tarabunia 20 bed Hospital,Dhaka,Shariatpur,Bhedarganj,20,
24,Kodalpur 20 bed Hospital,Dhaka,Shariatpur,Gosairhat,20,
25,Birolpolita 20 bed Hospital,Khulna,Magura,Magura Sadar,20,
26,Binadpur 20 bed Hospital,Khulna,Magura,Mohammadpur,20,
27,Charanchal 20 bed Hospital,Mymensingh,Mymensingh,Mymensingh Sadar,20,
28,Santahar 20 bed Hospital,Rajshahi,Bogura,Adamdighi,20,
29,Nandigram 20 bed Hospital,Rajshahi,Bogura,Nandigram,20,
30,Aliahat 20 bed Hospital,Rajshahi,Bogura,Shibganj,20,
31,Kaitak 20 bed Hospital,Sylhet,Sunamganj,Chhatak,20,
32,Maddyanagar 20 bed Hospital,Sylhet,Sunamganj,Dharampasha,20,
1,"Amtali Upazila Health Complex, Barguna",Barisal,Barguna,Amtali,50,
2,"Betagi Upazila Health Complex, Barguna",Barisal,Barguna,Betagi,50,
3,"Patharghata Upazila Health Complex, Barguna",Barisal,Barguna,Patharghata,50,
4,"Agailjhara Upazila Health Complex, Barishal",Barisal,Barishal,Agailjhara,50,
5,"Gournadi Upazila Health Complex, Barishal",Barisal,Barishal,Gaurnadi,50,
6,"Muladi Upazila Health Complex, Barishal",Barisal,Barishal,Muladi,50,
7,"Borhanuddin Upazila Health Complex, Bhola",Barisal,Bhola,Burhanuddin,50,
8,"Charfession Upazila Health Complex, Bhola",Barisal,Bhola,Charfession,50,
9,"Daulatkhan Upazila Health Complex, Bhola",Barisal,Bhola,Daulatkhan,50,
10,"Lalmohan Upazila Health Complex, Bhola",Barisal,Bhola,Lalmohan,50,
11,"Nalchithi Upazila Health Complex, Jhalokati",Barisal,Jhalokati,Nalchity,50,
12,"Galachipa Upazila Health Complex, Patuakhali",Barisal,Patuakhali,Galachipa,50,
13,"Kalapara Upazila Health Complex, Patuakhali",Barisal,Patuakhali,Kalapara,50,
14,"Mathbaria Upazila Health Complex, Pirojpur",Barisal,Pirojpur,Mathbaria,50,
15,"Nesarabad Upazila Health Complex, Pirojpur",Barisal,Pirojpur,Nesarabad,50,
16,"Nasirnagar Upazila Health Complex, Brahmanbaria",Chittagong,Brahmanbaria,Nasirnagar,50,
17,"Sarail Upazila Health Complex, Brahmanbaria",Chittagong,Brahmanbaria,Sarail,50,
18,"Haziganj Upazila Health Complex, Chandpur",Chittagong,Chandpur,Hajiganj,50,
19,"Kachua Upazila Health Complex, Chandpur",Chittagong,Chandpur,Kachua,50,
20,"Matlab(daxin) Upazila Health Complex, Chandpur",Chittagong,Chandpur,Matlab Dakshin,50,
21,"Anwara Upazila Health Complex, Chattogram",Chittagong,Chattogram,Anowara,50,
22,"Banshkhali Upazila Health Complex, Chattogram",Chittagong,Chattogram,Banshkhali,50,
23,"Boalkhali Upazila Health Complex, Chattogram",Chittagong,Chattogram,Boalkhali,50,
24,"Chandanaish Upazila Health Complex, Chattogram",Chittagong,Chattogram,Chandanaish,50,
25,"Hathazari Upazila Health Complex, Chattogram",Chittagong,Chattogram,Hathazari,50,
26,"Lohagara Upazila Health Complex, Chattogram",Chittagong,Chattogram,Lohagara,50,
27,"Mirarsarai Upazila Health Complex, Chattogram",Chittagong,Chattogram,Mirsharai,50,
28,"Patiya Upazila Health Complex, Chattogram",Chittagong,Chattogram,Patiya,50,
29,"Rangunia Upazila Health Complex, Chattogram",Chittagong,Chattogram,Rangunia,50,
30,"Sitakunda Upazila Health Complex, Chattogram",Chittagong,Chattogram,Sitakunda,50,
31,"Chakaria Upazila Health Complex, Cox's Bazar",Chittagong,Cox's Bazar,Chakaria,50,
32,"Kutubdia Upazila Health Complex, Cox's Bazar",Chittagong,Cox's Bazar,Kutubdia,50,
33,"Moheshkhali Upazila Health Complex, Cox's Bazar",Chittagong,Cox's Bazar,Maheshkhali,50,
34,"Chaddagram Upazila Health Complex, Cumilla",Chittagong,Cumilla,Chauddagram,50,
35,"Debidwar Upazila Health Complex, Cumilla",Chittagong,Cumilla,Debidwar,50,
36,"Homna Upazila Health Complex, Cumilla",Chittagong,Cumilla,Homna,50,
37,"Langolkot Upazila Health Complex, Cumilla",Chittagong,Cumilla,Langalkot,50,
38,"Muradnagar Upazila Health Complex, Cumilla",Chittagong,Cumilla,Muradnagar,50,
39,"Chhagalnaya Upazila Health Complex, Feni",Chittagong,Feni,Chhagalnaiya,50,
40,"Parsuram Upazila Health Complex, Feni",Chittagong,Feni,Parshuram,50,
41,"Raipur Upazila Health Complex, Lakshmipur",Chittagong,Lakshmipur,Roypur,50,
42,"Begumganj Upazila Health Complex, Noakhali",Chittagong,Noakhali,Begumganj,50,
43,"Chatkhil Upazila Health Complex, Noakhali",Chittagong,Noakhali,Chatkhil,50,
44,"Companiganj Upazila Health Complex, Noakhali",Chittagong,Noakhali,Companiganj,50,
45,"Hatiya Upazila Health Complex, Noakhali",Chittagong,Noakhali,Hatiya,50,
46,"Senbag Upazila Health Complex, Noakhali",Chittagong,Noakhali,Senbagh,50,
47,"Subarnachar Upazila Health Complex, Noakhali",Chittagong,Noakhali,Subarnachar,50,
48,"Dhamrai Upazila Health Complex, Dhaka",Dhaka,Dhaka,Dhamrai,50,
49,"Dohar Upazila Health Complex, Dhaka",Dhaka,Dhaka,Dohar,50,
50,"Nawabganj Upazila Health Complex, Dhaka",Dhaka,Dhaka,Nawabganj,50,
51,"Savar Upazila Health Complex, Dhaka",Dhaka,Dhaka,Savar,50,
52,"Bhanga Upazila Health Complex, Faridpur",Dhaka,Faridpur,Bhanga,50,
53,"Boalmari Upazila Health Complex, Faridpur",Dhaka,Faridpur,Boalmari,50,
54,"Nagarkanda Upazila Health Complex, Faridpur",Dhaka,Faridpur,Nagarkanda,50,
55,"Kaliganj Upazila Health Complex, Gazipur",Dhaka,Gazipur,Kaliganj,50,
56,"Kapasia Upazila Health Complex, Gazipur",Dhaka,Gazipur,Kapasia,50,
57,"Kashiani Upazila Health Complex, Gopalganj",Dhaka,Gopalganj,Kashiani,50,
58,"Bhairab Upazila Health Complex, Kishorgonj",Dhaka,Kishorgonj,Bhairab,50,
59,"Karimganj Upazila Health Complex, Kishorgonj",Dhaka,Kishorgonj,Karimganj,50,
60,"Tarail Upazila Health Complex, Kishorgonj",Dhaka,Kishorgonj,Tarail,50,
61,"Shibchar Upazila Health Complex, Madaripur",Dhaka,Madaripur,Shibchar,50,
62,"Gazaria Upazila Health Complex, Munshiganj",Dhaka,Munshiganj,Gazaria,50,
63,"Louhajang Upazila Health Complex, Munshiganj",Dhaka,Munshiganj,Lohajang,50,
64,"Serajdikhan Upazila Health Complex, Munshiganj",Dhaka,Munshiganj,Serajdikhan,50,
65,"Sreenagar Upazila Health Complex, Munshiganj",Dhaka,Munshiganj,Sreenagar,50,
66,"Tungibari Upazila Health Complex, Munshiganj",Dhaka,Munshiganj,Tongibari,50,
67,"Monohardi Upazila Health Complex, Narsingdi",Dhaka,Narsingdi,Manohardi,50,
68,"Goalanda Upazila Health Complex, Rajbari",Dhaka,Rajbari,Goalanda,50,
69,"Pangsha Upazila Health Complex, Rajbari",Dhaka,Rajbari,Pangsha,50,
70,"Basail Upazila Health Complex, Tangail",Dhaka,Tangail,Basail,50,
71,"Dhanbari Upazila Health Complex, Tangail",Dhaka,Tangail,Dhanbari,50,
72,"Ghatail Upazila Health Complex, Tangail",Dhaka,Tangail,Ghatail,50,
73,"Kalihati Upazila Health Complex, Tangail",Dhaka,Tangail,Kalihati,50,
74,"Modhupur Upazila Health Complex, Tangail",Dhaka,Tangail,Madhupur,50,
75,"Sakhipur Upazila Health Complex, Tangail",Dhaka,Tangail,Sakhipur,50,
76,"Chitalmari Upazila Health Complex, Bagerhat",Khulna,Bagerhat,Chitalmari,50,
77,"Fakirhat Upazila Health Complex, Bagerhat",Khulna,Bagerhat,Fakirhat,50,
78,"Kachua Upazila Health Complex, Bagerhat",Khulna,Bagerhat,Kachua,50,
79,"Mollahat Upazila Health Complex, Bagerhat",Khulna,Bagerhat,Mollahat,50,
80,"Mongla Upazila Health Complex, Bagerhat",Khulna,Bagerhat,Mongla,50,
81,"Rampal Upazila Health Complex, Bagerhat",Khulna,Bagerhat,Rampal,50,
82,"Abhoynagar Upazila Health Complex, Jashore",Khulna,Jashore,Abhaynagar,50,
83,"Chowgacha Upazila Health Complex, Jashore",Khulna,Jashore,Chaugachha,50,
84,"Keshabpur Upazila Health Complex, Jashore",Khulna,Jashore,Keshabpur,50,
85,"Harinakunda Upazila Health Complex, Jhenaidah",Khulna,Jhenaidah,Harinakunda,50,
86,"Kaliganj Upazila Health Complex, Jhenaidah",Khulna,Jhenaidah,Kaliganj,50,
87,"Kotchandpur Upazila Health Complex, Jhenaidah",Khulna,Jhenaidah,Kotchandpur,50,
88,"Moheshpur Upazila Health Complex, Jhenaidah",Khulna,Jhenaidah,Maheshpur,50,
89,"Dacope Upazila Health Complex, Khulna",Khulna,Khulna,Dacope,50,
90,"Fultala Upazila Health Complex, Khulna",Khulna,Khulna,Phultala,50,
91,"Bheramara Upazila Health Complex, Kushtia",Khulna,Kushtia,Bheramara,50,
92,"Daulatpur Upazila Health Complex, Kushtia",Khulna,Kushtia,Daulatpur,50,
93,"Mirpur Upazila Health Complex, Kushtia",Khulna,Kushtia,Mirpur,50,
94,"Gangni Upazila Health Complex, Meherpur",Khulna,Meherpur,Gangni,50,
95,"Kalia Upazila Health Complex, Narail",Khulna,Narail,Kalia,50,
96,"Kalaroa Upazila Health Complex, Satkhira",Khulna,Satkhira,Kalaroa,50,
97,"Shyamnagar Upazila Health Complex, Satkhira",Khulna,Satkhira,Shyamnagar,50,
98,"Tala Upazila Health Complex, Satkhira",Khulna,Satkhira,Tala,50,
99,"Islampur Upazila Health Complex, Jamalpur",Mymensingh,Jamalpur,Islampur,50,
100,"Melandaha Upazila Health Complex, Jamalpur",Mymensingh,Jamalpur,Melandaha,50,
101,"Sarishabari Upazila Health Complex, Jamalpur",Mymensingh,Jamalpur,Sarishabari,50,
102,"Gofargaon Upazila Health Complex, Mymensingh",Mymensingh,Mymensingh,Gaffargaon,50,
103,"Iswarganj Upazila Health Complex, Mymensingh",Mymensingh,Mymensingh,Ishwarganj,50,
104,"Nandail Upazila Health Complex, Mymensingh",Mymensingh,Mymensingh,Nandail,50,
105,"Phulpur Upazila Health Complex, Mymensingh, Mymensingh",Mymensingh,Mymensingh,Phulpur,50,
106,"Trisal Upazila Health Complex, Mymensingh",Mymensingh,Mymensingh,Trishal,50,
107,"Kalmakanda Upazila Health Complex, Netrakona",Mymensingh,Netrakona,Kalmakanda,50,
108,"Kendua Upazila Health Complex, Netrakona",Mymensingh,Netrakona,Kendua,50,
109,"Madan Upazila Health Complex, Netrakona",Mymensingh,Netrakona,Madan,50,
110,"Mohanganj Upazila  Health  Complex, Netrakona",Mymensingh,Netrakona,Mohanganj,50,
111,"Purbadhala Upazila Health Complex, Netrakona",Mymensingh,Netrakona,Purbadhala,50,
112,"Adamdighi Upazila Health Complex, Bogura",Rajshahi,Bogura,Adamdighi,50,
113,"Dhunat Upazila Health Complex, Bogura",Rajshahi,Bogura,Dhunat,50,
114,"Gabtali Upazila Health Complex, Bogura",Rajshahi,Bogura,Gabtali,50,
115,"Kahaloo Upazila Health Complex, Bogura",Rajshahi,Bogura,Kahaloo,50,
116,"Sariakandi Upazila Health Complex, Bogura",Rajshahi,Bogura,Sariakandi,50,
117,"Shibganj Upazila Health Complex, Bogra., Bogura",Rajshahi,Bogura,Shibganj,50,
118,"Sonatala Upazila Health Complex, Bogura",Rajshahi,Bogura,Sonatola,50,
119,"Shibganj Upazila Health Complex, Chapai Nawabganj",Rajshahi,Chapai Nawabganj,Shibganj,50,
120,"Akkelpur Upazila Health Complex, Joypurhat",Rajshahi,Joypurhat,Akkelpur,50,
121,"Kalai Upazila Health Complex, Joypurhat",Rajshahi,Joypurhat,Kalai,50,
122,"Badalgachi Upazila Health Complex, Naogaon",Rajshahi,Naogaon,Badalgachhi,50,
123,"Dhamairhat Upazila Health Complex, Naogaon",Rajshahi,Naogaon,Dhamoirhat,50,
124,"Mohadevpur Upazila Health Complex, Naogaon",Rajshahi,Naogaon,Mahadebpur,50,
125,"Manda Upazila Health Complex, Naogaon",Rajshahi,Naogaon,Manda,50,
126,"Patnitala Upazila Health Complex, Naogaon",Rajshahi,Naogaon,Patnitala,50,
127,"Sapahar Upazila Health Complex, Naogaon",Rajshahi,Naogaon,Sapahar,50,
128,"Lalpur Upazila Health Complex, Natore",Rajshahi,Natore,Lalpur,50,
129,"Chatmohar Upazila Health Complex, Pabna",Rajshahi,Pabna,Chatmohar,50,
130,"Faridpur Upazila Health Complex, Pabna",Rajshahi,Pabna,Faridpur,50,
131,"Sujanagar Upazila Health Complex, Pabna",Rajshahi,Pabna,Sujanagar,50,
132,"Charghat Upazila Health Complex, Rajshahi",Rajshahi,Rajshahi,Charghat,50,
133,"Durgapur Upazila Health Complex, Rajshahi",Rajshahi,Rajshahi,Durgapur,50,
134,"Puthia Upazila Health Complex, Rajshahi",Rajshahi,Rajshahi,Puthia,50,
135,"Tanore Upazila Health Complex, Rajshahi",Rajshahi,Rajshahi,Tanore,50,
136,"Bochaganj Upazila Health Complex, Dinajpur",Rangpur,Dinajpur,Bochaganj,50,
137,"Parbatipur Upazila Health Complex, Dinajpur",Rangpur,Dinajpur,Parbatipur,50,
138,"Gobindaganj Upazila Health Complex, Gaibandha",Rangpur,Gaibandha,Gobindaganj,50,
139,"Chilmari Upazila Health Complex, Kurigram",Rangpur,Kurigram,Chilmari,50,
140,"Ulipur Upazila Health Complex, Kurigram",Rangpur,Kurigram,Ulipur,50,
141,"Kaliganj Upazila Health Complex, Lalmonirhat",Rangpur,Lalmonirhat,Kaliganj,50,
142,"Dimla Upazila Health Complex, Nilphamari",Rangpur,Nilphamari,Dimla,50,
143,"Domar Upazila Health Complex, Nilphamari",Rangpur,Nilphamari,Domar,50,
144,"Boda Upazila Health Complex, Panchagarh",Rangpur,Panchagarh,Boda,50,
145,"Debiganj Upazila Health Complex, Panchagarh",Rangpur,Panchagarh,Debiganj,50,
146,"Tetulia Upazila Health Complex, Panchagarh",Rangpur,Panchagarh,Tentulia,50,
147,"Gangachara Upazila Health Complex, Rangpur",Rangpur,Rangpur,Gangachara,50,
148,"Mithapukur Upazila Health Complex, Rangpur",Rangpur,Rangpur,Mithapukur,50,
149,"Pirganj Upazila Health Complex, Rangpur",Rangpur,Rangpur,Pirganj,50,
150,"Baliadangi Upazila Health Complex, Thakurgaon",Rangpur,Thakurgaon,Baliadangi,50,
151,"Haripur Upazila Health Complex, Thakurgaon",Rangpur,Thakurgaon,Haripur,50,
152,"Ranisankhail Upazila Health Complex, Thakurgaon",Rangpur,Thakurgaon,Ranisankail,50,
153,"Madhabpur Upazila Health Complex, Habiganj",Sylhet,Habiganj,Madhabpur,50,
154,"Kulaura Upazila Health Complex, Maulvibazar",Sylhet,Maulvibazar,Kulaura,50,
155,"Jagannathpur Upazila Health Complex, Sunamganj",Sylhet,Sunamganj,Jagannathpur,50,
156,"Beanibazar Upazila Health Complex, Sylhet",Sylhet,Sylhet,Beanibazar,50,
157,"Golapganj Upazila Health Complex, Sylhet",Sylhet,Sylhet,Golapganj,50,
158,"Gowainghat Upazila Health Complex, Sylhet",Sylhet,Sylhet,Gowainghat,50,
1,Barguna District Hospital,Barisal,Barguna,Barguna Sadar,100,
2,Barisal General Hospital,Barisal,Barishal,Barisal Sadar (kotwali),100,
3,Bhola District Hospital,Barisal,Bhola,Bhola Sadar,100,
4,Jhalokathi District Hospital,Barisal,Jhalokati,Jhalokati Sadar,100,
5,Pirojpur District Hospital,Barisal,Pirojpur,Pirojpur Sadar,100,
6,Bandarban District Hospital,Chittagong,Bandarban,Bandarban Sadar,100,
7,Comilla General Hospital,Chittagong,Cumilla,Comilla Adarsha Sadar,100,
8,Khagrachari District Hospital,Chittagong,Khagrachhari,Khagrachhari Sadar,100,
9,Lakshmipur District Hospital,Chittagong,Lakshmipur,Lakshmipur Sadar,100,
10,Rangamati General Hospital,Chittagong,Rangamati,Rangamati Sadar  Up,100,
11,Faridpur General Hospital,Dhaka,Faridpur,Faridpur Sadar,100,
12,Madaripur District Hospital,Dhaka,Madaripur,Madaripur Sadar,100,
13,Narayanganj General (Victoria) Hospital,Dhaka,Narayanganj,Narayanganj Sadar,100,
14,Narsingdi District Hospital,Dhaka,Narsingdi,Narsingdi Sadar,100,
15,Rajbari District Hospital,Dhaka,Rajbari,Rajbari Sadar,100,
16,Shariatpur District Hospital,Dhaka,Shariatpur,Shariatpur Sadar,100,
17,Bagerhat District Hospital,Khulna,Bagerhat,Bagerhat Sadar,100,
18,Chuadanga District Hospital,Khulna,Chuadanga,Chuadanga Sadar,100,
19,Jhenaidah District Hospital,Khulna,Jhenaidah,Jhenaidah Sadar,100,
20,Narail District Hospital,Khulna,Narail,Narail Sadar,100,
21,Satkhira District Hospital,Khulna,Satkhira,Satkhira Sadar,100,
22,Netrokona District Hospital,Mymensingh,Netrakona,Netrokona Sadar,100,
23,Sherpur District Hospital,Mymensingh,Sherpur,Sherpur Sadar,100,
24,Chapai Nababganj District Hospital,Rajshahi,Chapai Nawabganj,Chapai Nababganj Sadar,100,
25,Naogaon District Hospital,Rajshahi,Naogaon,Naogaon Sadar,100,
26,Natore District Hospital,Rajshahi,Natore,Natore Sadar,100,
27,Lalmonirhat District Hospital,Rangpur,Lalmonirhat,Lalmonirhat Sadar,100,
28,Nilphamari District Hospital,Rangpur,Nilphamari,Nilphamari Sadar,100,
29,Panchagarh District Hospital,Rangpur,Panchagarh,Panchagarh Sadar,100,
30,Thakurgaon District Hospital,Rangpur,Thakurgaon,Thakurgaon Sadar,100,
31,Sylhet Shahid Shamsuddin Ahmed District Hospita,Sylhet,Sylhet,Sylhet Sadar,100,
1,Joypurhat District Hospital,Rajshahi,Joypurhat,Joypurhat Sadar,150,
1,Patuakhali 250 bed Sadar Hospital,Barisal,Patuakhali,Patuakhali Sadar,250,
2,Brahmanbaria 250 Bed District Sadar Hospital,Chittagong,Brahmanbaria,Brahmanbaria Sadar,250,
3,Chandpur 250 Bed General Hospital,Chittagong,Chandpur,Chandpur Sadar,250,
4,Chittagong 250 Bed General Hospital,Chittagong,Chattogram,Kotwali,250,
5,Cox's Bazar 250 Bed District Sadar Hospital,Chittagong,Cox's Bazar,Cox's Bazar Sadar,250,
6,Feni 250 Bed District Sadar Hospital,Chittagong,Feni,Feni Sadar,250,
7,Noakhali 250 Bed General Hospital,Chittagong,Noakhali,Noakhali Sadar,250,
8,Gopalganj 250 bed General Hospital,Dhaka,Gopalganj,Gopalganj Sadar,250,
9,Kishoreganj 250 Bed District Sadar Hospital,Dhaka,Kishorgonj,Kishoreganj Sadar,250,
10,Manikganj 250 Bed District Hospital,Dhaka,Manikganj,Manikganj Sadar,250,
11,Munshiganj District Hospital,Dhaka,Munshiganj,Munshiganj Sadar,250,
12,Tangail 250 Bed District Hospital,Dhaka,Tangail,Tangail Sadar,250,
13,Jessore 250 bed General Hospital,Khulna,Jashore,Jessore Sadar,250,
14,"Khulna 250 Bed General Hospital, Khulna",Khulna,Khulna,Khulna Sadar,250,
15,Kushtia 250 bed General Hospital,Khulna,Kushtia,Kushtia Sadar,250,
16,Magura District Hospital,Khulna,Magura,Magura Sadar,250,
17,Meherpur 250 bed District Hospital,Khulna,Meherpur,Meherpur Sadar,250,
18,Jamalpur 250 Beded General Hospital,Mymensingh,Jamalpur,Jamalpur Sadar,250,
19,Bogra 250 bed Mohammad Ali District Hospital,Rajshahi,Bogura,Bogra Sadar,250,
20,Pabna 250 bed General Hospital,Rajshahi,Pabna,Pabna Sadar,250,
21,Sirajganj General Hospital,Rajshahi,Sirajganj,Sirajganj Sadar,250,
22,Dinajpur 250 bed General Hospital,Rangpur,Dinajpur,Dinajpur Sadar,250,
23,Kurigram District Hospital,Rangpur,Kurigram,Kurigram Sadar,250,
24,Habiganj District Hospital,Sylhet,Habiganj,Habiganj Sadar,250,
25,Moulvibazar 250 bed District Sadar Hospital,Sylhet,Maulvibazar,Maulvibazar Sadar,250,
26,Sunamganj 250 bed District Sadar Hospital,Sylhet,Sunamganj,Sunamganj Sadar,250,
1,Cox's Bazar Medical College Hospital,Chittagong,Cox's Bazar,Cox's Bazar Sadar,500,
2,Cumilla Medical College Hospital,Chittagong,Cumilla,"Comilla Adarsha
Sadar",500,
3,"Mugda Medical College Hospital, Dhaka",Dhaka,Dhaka,Mugda Para,500,
4,Faridpur Medical College Hospital,Dhaka,Faridpur,Faridpur Sadar,500,
5,"Shaheed Tajuddin Ahmad Medical College Hospital,
Gazipur",Dhaka,Gazipur,Gazipur Sadar,500,
6,Shahid Syed Nazrul Islam Medical College Hospital,Dhaka,Kishorgonj,Kishoreganj Sadar,500,
7,"Sheikh Hasina Medical College Hospital, Tangail",Dhaka,Tangail,Tangail Sadar,500,
8,Khulna Medical College Hospital,Khulna,Khulna,Sonadanga,500,
9,Satkhira Medical College Hospital,Khulna,Satkhira,Satkhira Sadar,500,
10,"Shaheed Ziaur Rahman Medical College Hospital, Bogra",Rajshahi,Bogura,Bogra Sadar,500,
11,M Abdur Rahim Medical College Hospital,Rangpur,Dinajpur,Dinajpur Sadar,500,
1,Sher-e-bangla Medical College Hospital,Barisal,Barishal,"Barisal Sadar
(kotwali)",1500,
2,Chittagong Medical College Hospital,Chittagong,Chattogram,Panchlaish,1500,
3,Sir Salimullah Medical College Hospital,Dhaka,Dhaka,Kotwali,1500,
4,Mymensingh Medical College Hospital,Mymensingh,Mymensingh,Mymensingh Sadar,1500,
5,Rajshahi Medical College Hospital,Rajshahi,Rajshahi,Rajpara,1500,
6,Rangpur Medical College Hospital,Rangpur,Rangpur,Rangpur Sadar,1500,
7,Sylhet MAG Osmani Medical College Hospital,Sylhet,Sylhet,Sylhet Sadar,1500,
